ALW-982,YP49C0BXWUSUUI58B
AJQ-950,4JPB3AEF2EWN7QHVH
RXZ-154,HC3P8AV1R6IJTJMK5
XBW-713,KP4ZRUSIATI6JU513
CCS-616,PKL8LPL7RYSVLS4UZ
DTJ-720,ACC4ZODF9K70UFPPB
WPQ-859,K5OMA9HWLQV6YJGA8
GUO-657,4S29JUBD9QDYIIGQ0
OBZ-031,37VIF7O2L1PE1HJ2J
SVF-859,V5Z0LU5CZKGOJPWD0
TDJ-576,GM0A3WGDL582ZNYYH
DOP-631,FJKYDD3WZ75Y20EAJ
SLY-904,MRSE2WSB109O1X8HA
BCW-724,S3AEUYQWFM6EOO4XA
KYZ-688,9J6YD3P1K3TASJ8G3
EAY-916,TX89RSWW6LB05W2ED
BLX-173,9G4GHC1IRHCXJ047H
CGK-333,3PSPPB60F7WLM2DVE
HFW-802,1GMKN41461JP4743J
XWZ-857,OZQ2353HSCUQRQM5Q
PGO-818,F1XCSUCJYO12FCYCE
HBX-830,P3V4YRLPGO0K2F7Q7
TJL-128,S9RS7M1H7OB2TYD9Y
RBU-501,RCFMKD51NCDMQPU3J
HMQ-267,SZ3HX7MRVJBEKMVPU
WTQ-247,R0XP8FRGRDP9Y4CUW
UND-585,SP5J1YNWMLF3TW9BE
ZJD-314,ZPCUM4PLCJ97J24K2
PJJ-190,H1HZFLXVN4282KR38
JQE-444,7O2TX977S9C8RF2CJ
EPG-843,RFLVQD3S2A1VMS7MW
OBR-276,JF1I2IN3FSZGYJA9L
PVQ-046,26X03LD9LCGS1SKVB
YPJ-051,AVQPB0DYLF1XQ5TRB
VOI-043,47XVQUIU0A93DA1YB
UVZ-983,B18AUEKDLKLBFJR38
IKG-143,FHZTN86I42YYBW7WI
YKJ-471,NYUPUEDSD7MBLWY2C
KRP-582,QXQ85T4JDW98H24JA
XVZ-382,G8TUTKXL8J4317QX6
UOZ-666,BOA7DGZ0NF4B80NOF
UJJ-924,1QAAZN27DXZ8ZEM16
NMM-069,ZZ8M9L1B1TWOMTSGV
HHV-507,KI6W5UD6XJE9FCCP2
FBD-049,NLKABPSS1XDH5N9XZ
VSN-484,PHI2C9AQZCSU1XFQG
ALW-131,AU03BMRWVUZL6ZSSO
SHV-521,ANYWOTIRD4P7WE68A
ITS-346,U6AAMQT73NEICW0PZ
UTG-629,8TDEFZNSIWCRGUALJ